path,extension,size_bytes,lines,last_modified,encoding,component
"utilbase.h","h","8221","230","2026-01-10","utf-8","root"
"test/mocks/AndroidApiMocks.h","h","4742","154","2026-01-10","us-ascii","test"
"test/mocks/AndroidApiMocks.cpp","cpp","5831","177","2026-01-10","us-ascii","test"
"test/include/ContractVerification.h","h","2415","69","2026-01-10","us-ascii","test"
"test/include/TelemetryContract.h","h","3378","102","2026-01-10","us-ascii","test"
"test/tests/StreamTelemetryTest.cpp","cpp","7622","228","2026-01-10","us-ascii","test"
"test/tests/ContractTest.cpp","cpp","2323","67","2026-01-10","us-ascii","test"
"test/tests/FrameBufferRingTest.cpp","cpp","10971","371","2026-01-10","us-ascii","test"
"libuvc/include/utlist.h","h","36984","490","2026-01-10","us-ascii","libuvc"
"libuvc/include/libuvc/libuvc_config.h","h","356","17","2026-01-10","us-ascii","libuvc"
"libuvc/include/libuvc/libuvc.h","h","35604","855","2026-01-10","utf-8","libuvc"
"libuvc/include/libuvc/libuvc_internal_original.h","h","11449","372","2026-01-10","us-ascii","libuvc"
"libuvc/include/libuvc/libuvc_internal.h","h","10798","336","2026-01-10","us-ascii","libuvc"
"libuvc/include/libuvc/libuvc_original.h","h","16096","484","2026-01-10","us-ascii","libuvc"
"libuvc/src/frame-mjpeg.c","c","18032","570","2026-01-10","us-ascii","libuvc"
"libuvc/src/init_original.c","c","5159","162","2026-01-10","us-ascii","libuvc"
"libuvc/src/frame-mjpeg_original.c","c","7316","187","2026-01-10","us-ascii","libuvc"
"libuvc/src/ctrl.c","c","49107","1719","2026-01-10","us-ascii","libuvc"
"libuvc/src/diag.c","c","21425","564","2026-01-10","us-ascii","libuvc"
"libuvc/src/init.c","c","6590","214","2026-01-10","us-ascii","libuvc"
"libuvc/src/stream_original.c","c","32582","1115","2026-01-10","us-ascii","libuvc"
"libuvc/src/frame_original.c","c","11312","370","2026-01-10","us-ascii","libuvc"
"libuvc/src/example.c","c","4039","148","2026-01-10","us-ascii","libuvc"
"libuvc/src/device_original.c","c","37581","1404","2026-01-10","us-ascii","libuvc"
"libuvc/src/device.c","c","51286","1833","2026-01-10","utf-8","libuvc"
"libuvc/src/test.c","c","4315","153","2026-01-10","us-ascii","libuvc"
"libuvc/src/diag_original.c","c","8988","257","2026-01-10","us-ascii","libuvc"
"libuvc/src/frame.c","c","43003","1395","2026-01-10","us-ascii","libuvc"
"libuvc/src/misc.c","c","2043","58","2026-01-10","us-ascii","libuvc"
"libuvc/src/ctrl_original.c","c","11093","469","2026-01-10","us-ascii","libuvc"
"libuvc/src/stream.c","c","63249","1946","2026-01-10","utf-8","libuvc"
"UVCCamera/Parameters.cpp","cpp","12926","394","2026-01-10","utf-8","UVCCamera"
"UVCCamera/FrameBufferJNI.cpp","cpp","35952","894","2026-01-10","us-ascii","UVCCamera"
"UVCCamera/pipeline/DistributePipeline.cpp","cpp","5239","212","2026-01-10","us-ascii","UVCCamera/pipeline"
"UVCCamera/pipeline/AbstractBufferedPipeline.cpp","cpp","7957","344","2026-01-10","us-ascii","UVCCamera/pipeline"
"UVCCamera/pipeline/CallbackPipeline.h","h","762","27","2026-01-10","us-ascii","UVCCamera/pipeline"
"UVCCamera/pipeline/ConvertPipeline.cpp","cpp","5038","218","2026-01-10","us-ascii","UVCCamera/pipeline"
"UVCCamera/pipeline/SimpleBufferedPipeline.h","h","684","22","2026-01-10","us-ascii","UVCCamera/pipeline"
"UVCCamera/pipeline/CaptureBasePipeline.cpp","cpp","4189","198","2026-01-10","us-ascii","UVCCamera/pipeline"
"UVCCamera/pipeline/pipeline_helper.h","h","272","14","2026-01-10","us-ascii","UVCCamera/pipeline"
"UVCCamera/pipeline/SQLiteBufferedPipeline.h","h","1464","60","2026-01-10","us-ascii","UVCCamera/pipeline"
"UVCCamera/pipeline/pipeline_helper.cpp","cpp","1600","56","2026-01-10","us-ascii","UVCCamera/pipeline"
"UVCCamera/pipeline/PublisherPipeline.h","h","989","39","2026-01-10","us-ascii","UVCCamera/pipeline"
"UVCCamera/pipeline/CallbackPipeline.cpp","cpp","7528","281","2026-01-10","us-ascii","UVCCamera/pipeline"
"UVCCamera/pipeline/IPipeline.cpp","cpp","1517","81","2026-01-10","us-ascii","UVCCamera/pipeline"
"UVCCamera/pipeline/ConvertPipeline.h","h","626","26","2026-01-10","us-ascii","UVCCamera/pipeline"
"UVCCamera/pipeline/PreviewPipeline.cpp","cpp","9247","326","2026-01-10","us-ascii","UVCCamera/pipeline"
"UVCCamera/pipeline/SimpleBufferedPipeline.cpp","cpp","3653","142","2026-01-10","us-ascii","UVCCamera/pipeline"
"UVCCamera/pipeline/PublisherPipeline.cpp","cpp","9924","330","2026-01-10","us-ascii","UVCCamera/pipeline"
"UVCCamera/pipeline/CaptureBasePipeline.h","h","1274","44","2026-01-10","us-ascii","UVCCamera/pipeline"
"UVCCamera/pipeline/AbstractBufferedPipeline.h","h","1882","70","2026-01-10","us-ascii","UVCCamera/pipeline"
"UVCCamera/pipeline/IPipeline.h","h","1866","74","2026-01-10","us-ascii","UVCCamera/pipeline"
"UVCCamera/pipeline/DistributePipeline.h","h","819","27","2026-01-10","us-ascii","UVCCamera/pipeline"
"UVCCamera/pipeline/PreviewPipeline.h","h","564","25","2026-01-10","us-ascii","UVCCamera/pipeline"
"UVCCamera/pipeline/SQLiteBufferedPipeline.cpp","cpp","13228","470","2026-01-10","us-ascii","UVCCamera/pipeline"
"UVCCamera/LayoutContract.h","h","3539","96","2026-01-10","us-ascii","UVCCamera"
"UVCCamera/UVCReadinessCallback.h","h","1493","54","2026-01-10","us-ascii","UVCCamera"
"UVCCamera/serenegiant_usb_UVCCamera.cpp","cpp","92566","2925","2026-01-10","utf-8","UVCCamera"
"UVCCamera/EGLImageHelperJNI.cpp","cpp","21835","571","2026-01-10","utf-8","UVCCamera"
"UVCCamera/UVCCamera.cpp","cpp","83701","2894","2026-01-10","utf-8","UVCCamera"
"UVCCamera/UVCReadinessCallback.cpp","cpp","3265","117","2026-01-10","us-ascii","UVCCamera"
"UVCCamera/UVCStatusCallback.cpp","cpp","2604","87","2026-01-10","us-ascii","UVCCamera"
"UVCCamera/StreamTelemetry.h","h","28988","712","2026-01-10","utf-8","UVCCamera"
"UVCCamera/UVCCamera.h","h","16383","430","2026-01-10","utf-8","UVCCamera"
"UVCCamera/LayoutContract.cpp","cpp","6094","138","2026-01-10","utf-8","UVCCamera"
"UVCCamera/HandleManager.h","h","15659","371","2026-01-10","us-ascii","UVCCamera"
"UVCCamera/libUVCCamera.h","h","1115","33","2026-01-10","us-ascii","UVCCamera"
"UVCCamera/Parameters.h","h","1324","41","2026-01-10","us-ascii","UVCCamera"
"UVCCamera/UVCPreview.h","h","15737","414","2026-01-10","utf-8","UVCCamera"
"UVCCamera/utilbase.cpp","cpp","1255","43","2026-01-10","us-ascii","UVCCamera"
"UVCCamera/HandleManager.cpp","cpp","1428","40","2026-01-10","us-ascii","UVCCamera"
"UVCCamera/UVCStatusCallback.h","h","983","31","2026-01-10","us-ascii","UVCCamera"
"UVCCamera/UVCButtonCallback.cpp","cpp","2192","85","2026-01-10","us-ascii","UVCCamera"
"UVCCamera/OutputMode.h","h","3758","116","2026-01-10","us-ascii","UVCCamera"
"UVCCamera/UVCPreview.cpp","cpp","101806","3006","2026-01-10","utf-8","UVCCamera"
"UVCCamera/objectarray.h","h","3359","131","2026-01-10","utf-8","UVCCamera"
"UVCCamera/_onload.cpp","cpp","2060","63","2026-01-10","us-ascii","UVCCamera"
"UVCCamera/UVCButtonCallback.h","h","781","31","2026-01-10","us-ascii","UVCCamera"
"UVCCamera/_onload.h","h","1164","42","2026-01-10","us-ascii","UVCCamera"
"UVCCamera/FrameBufferRing.cpp","cpp","36551","1039","2026-01-10","utf-8","UVCCamera"
"UVCCamera/FrameSlotMetadata.h","h","2361","70","2026-01-10","utf-8","UVCCamera"
"UVCCamera/FrameBufferRing.h","h","14369","405","2026-01-10","utf-8","UVCCamera"
"localdefines.h","h","2408","75","2026-01-10","us-ascii","root"
"rapidjson/test/unittest/encodedstreamtest.cpp","cpp","11530","296","2026-01-10","us-ascii","rapidjson"
"rapidjson/test/unittest/filestreamtest.cpp","cpp","3665","122","2026-01-10","us-ascii","rapidjson"
"rapidjson/test/unittest/readertest.cpp","cpp","36442","1012","2026-01-10","us-ascii","rapidjson"
"rapidjson/test/unittest/unittest.h","h","3210","99","2026-01-10","us-ascii","rapidjson"
"rapidjson/test/unittest/jsoncheckertest.cpp","cpp","3619","100","2026-01-10","us-ascii","rapidjson"
"rapidjson/test/unittest/encodingstest.cpp","cpp","18914","432","2026-01-10","us-ascii","rapidjson"
"rapidjson/test/unittest/valuetest.cpp","cpp","35914","1180","2026-01-10","us-ascii","rapidjson"
"rapidjson/test/unittest/writertest.cpp","cpp","8755","308","2026-01-10","us-ascii","rapidjson"
"rapidjson/test/unittest/documenttest.cpp","cpp","7512","236","2026-01-10","us-ascii","rapidjson"
"rapidjson/test/unittest/unittest.cpp","cpp","1388","30","2026-01-10","us-ascii","rapidjson"
"rapidjson/test/perftest/rapidjsontest.cpp","cpp","9352","330","2026-01-10","us-ascii","rapidjson"
"rapidjson/test/perftest/jsoncpptest.cpp","cpp","2366","77","2026-01-10","us-ascii","rapidjson"
"rapidjson/test/perftest/perftest.cpp","cpp","1388","30","2026-01-10","us-ascii","rapidjson"
"rapidjson/test/perftest/yajl_all.c","c","461","22","2026-01-10","us-ascii","rapidjson"
"rapidjson/test/perftest/ultrajsontest.cpp","cpp","3058","84","2026-01-10","us-ascii","rapidjson"
"rapidjson/test/perftest/platformtest.cpp","cpp","4868","172","2026-01-10","us-ascii","rapidjson"
"rapidjson/test/perftest/yajltest.cpp","cpp","6748","208","2026-01-10","us-ascii","rapidjson"
"rapidjson/test/perftest/misctest.cpp","cpp","35872","980","2026-01-10","us-ascii","rapidjson"
"rapidjson/test/perftest/perftest.h","h","4078","133","2026-01-10","us-ascii","rapidjson"
"rapidjson/example/simpledom/simpledom.cpp","cpp","685","29","2026-01-10","us-ascii","rapidjson"
"rapidjson/example/tutorial/tutorial.cpp","cpp","6619","156","2026-01-10","us-ascii","rapidjson"
"rapidjson/example/prettyauto/prettyauto.cpp","cpp","2232","56","2026-01-10","us-ascii","rapidjson"
"rapidjson/example/messagereader/messagereader.cpp","cpp","2661","95","2026-01-10","us-ascii","rapidjson"
"rapidjson/example/simplewriter/simplewriter.cpp","cpp","738","35","2026-01-10","us-ascii","rapidjson"
"rapidjson/example/serialize/serialize.cpp","cpp","3967","149","2026-01-10","us-ascii","rapidjson"
"rapidjson/example/pretty/pretty.cpp","cpp","1006","30","2026-01-10","us-ascii","rapidjson"
"rapidjson/example/condense/condense.cpp","cpp","1002","32","2026-01-10","us-ascii","rapidjson"
"rapidjson/example/simplereader/simplereader.cpp","cpp","1678","38","2026-01-10","us-ascii","rapidjson"
"rapidjson/example/capitalize/capitalize.cpp","cpp","2436","66","2026-01-10","us-ascii","rapidjson"
"rapidjson/include/rapidjson/memorystream.h","h","2836","67","2026-01-10","us-ascii","rapidjson"
"rapidjson/include/rapidjson/reader.h","h","55164","1369","2026-01-10","us-ascii","rapidjson"
"rapidjson/include/rapidjson/prettywriter.h","h","7881","205","2026-01-10","us-ascii","rapidjson"
"rapidjson/include/rapidjson/encodedstream.h","h","10349","290","2026-01-10","us-ascii","rapidjson"
"rapidjson/include/rapidjson/filereadstream.h","h","3180","94","2026-01-10","us-ascii","rapidjson"
"rapidjson/include/rapidjson/stringbuffer.h","h","2904","79","2026-01-10","us-ascii","rapidjson"
"rapidjson/include/rapidjson/internal/strfunc.h","h","1771","43","2026-01-10","us-ascii","rapidjson"
"rapidjson/include/rapidjson/internal/itoa.h","h","10636","306","2026-01-10","us-ascii","rapidjson"
"rapidjson/include/rapidjson/internal/stack.h","h","4784","137","2026-01-10","us-ascii","rapidjson"
"rapidjson/include/rapidjson/internal/dtoa.h","h","16737","418","2026-01-10","us-ascii","rapidjson"
"rapidjson/include/rapidjson/internal/meta.h","h","6987","189","2026-01-10","us-ascii","rapidjson"
"rapidjson/include/rapidjson/internal/pow10.h","h","3957","59","2026-01-10","us-ascii","rapidjson"
"rapidjson/include/rapidjson/encodings.h","h","23282","630","2026-01-10","us-ascii","rapidjson"
"rapidjson/include/rapidjson/filewritestream.h","h","3170","97","2026-01-10","us-ascii","rapidjson"
"rapidjson/include/rapidjson/rapidjson.h","h","19077","567","2026-01-10","us-ascii","rapidjson"
"rapidjson/include/rapidjson/filestream.h","h","2559","73","2026-01-10","us-ascii","rapidjson"
"rapidjson/include/rapidjson/document.h","h","79187","1851","2026-01-10","us-ascii","rapidjson"
"rapidjson/include/rapidjson/allocators.h","h","9892","246","2026-01-10","us-ascii","rapidjson"
"rapidjson/include/rapidjson/writer.h","h","13900","389","2026-01-10","us-ascii","rapidjson"
"rapidjson/include/rapidjson/error/error.h","h","6066","150","2026-01-10","us-ascii","rapidjson"
"rapidjson/include/rapidjson/error/en.h","h","4066","71","2026-01-10","us-ascii","rapidjson"
"rapidjson/include/rapidjson/memorybuffer.h","h","2952","76","2026-01-10","us-ascii","rapidjson"
"rapidjson/include/rapidjson/msinttypes/inttypes.h","h","8060","306","2026-01-10","us-ascii","rapidjson"
"rapidjson/include/rapidjson/msinttypes/stdint.h","h","9140","296","2026-01-10","us-ascii","rapidjson"
"rapidjson/thirdparty/jsoncpp/include/json/reader.h","h","6486","196","2026-01-10","us-ascii","rapidjson"
"rapidjson/thirdparty/jsoncpp/include/json/config.h","h","1536","43","2026-01-10","us-ascii","rapidjson"
"rapidjson/thirdparty/jsoncpp/include/json/features.h","h","1290","42","2026-01-10","us-ascii","rapidjson"
"rapidjson/thirdparty/jsoncpp/include/json/value.h","h","33960","1069","2026-01-10","us-ascii","rapidjson"
"rapidjson/thirdparty/jsoncpp/include/json/autolink.h","h","438","19","2026-01-10","us-ascii","rapidjson"
"rapidjson/thirdparty/jsoncpp/include/json/json.h","h","200","10","2026-01-10","us-ascii","rapidjson"
"rapidjson/thirdparty/jsoncpp/include/json/writer.h","h","6188","174","2026-01-10","us-ascii","rapidjson"
"rapidjson/thirdparty/jsoncpp/include/json/forwards.h","h","735","39","2026-01-10","us-ascii","rapidjson"
"rapidjson/thirdparty/jsoncpp/src/test_lib_json/jsontest.h","h","9289","254","2026-01-10","us-ascii","rapidjson"
"rapidjson/thirdparty/jsoncpp/src/test_lib_json/jsontest.cpp","cpp","13595","603","2026-01-10","us-ascii","rapidjson"
"rapidjson/thirdparty/jsoncpp/src/test_lib_json/main.cpp","cpp","6832","244","2026-01-10","us-ascii","rapidjson"
"rapidjson/thirdparty/jsoncpp/src/jsontestrunner/main.cpp","cpp","6135","233","2026-01-10","us-ascii","rapidjson"
"rapidjson/thirdparty/jsoncpp/src/lib_json/json_writer.cpp","cpp","20314","829","2026-01-10","us-ascii","rapidjson"
"rapidjson/thirdparty/jsoncpp/src/lib_json/json_reader.cpp","cpp","20951","885","2026-01-10","us-ascii","rapidjson"
"rapidjson/thirdparty/jsoncpp/src/lib_json/json_batchallocator.h","h","3929","125","2026-01-10","us-ascii","rapidjson"
"rapidjson/thirdparty/jsoncpp/src/lib_json/json_value.cpp","cpp","39045","1718","2026-01-10","us-ascii","rapidjson"
"rapidjson/thirdparty/ultrajson/ultrajsonenc.c","c","18778","829","2026-01-10","us-ascii","rapidjson"
"rapidjson/thirdparty/ultrajson/ultrajsondec.c","c","17926","816","2026-01-10","us-ascii","rapidjson"
"rapidjson/thirdparty/ultrajson/ultrajson.h","h","8860","297","2026-01-10","us-ascii","rapidjson"
"rapidjson/thirdparty/yajl/include/yajl/yajl_tree.h","h","7088","177","2026-01-10","us-ascii","rapidjson"
"rapidjson/thirdparty/yajl/include/yajl/yajl_gen.h","h","6641","157","2026-01-10","us-ascii","rapidjson"
"rapidjson/thirdparty/yajl/include/yajl/yajl_common.h","h","2562","75","2026-01-10","us-ascii","rapidjson"
"rapidjson/thirdparty/yajl/include/yajl/yajl_version.h","h","363","23","2026-01-10","us-ascii","rapidjson"
"rapidjson/thirdparty/yajl/include/yajl/yajl_parse.h","h","9827","226","2026-01-10","us-ascii","rapidjson"
"rapidjson/thirdparty/yajl/src/yajl_buf.h","h","1865","57","2026-01-10","us-ascii","rapidjson"
"rapidjson/thirdparty/yajl/src/yajl_parser.c","c","20419","492","2026-01-10","us-ascii","rapidjson"
"rapidjson/thirdparty/yajl/src/yajl_encode.h","h","1310","34","2026-01-10","us-ascii","rapidjson"
"rapidjson/thirdparty/yajl/src/yajl_alloc.c","c","1473","49","2026-01-10","us-ascii","rapidjson"
"rapidjson/thirdparty/yajl/src/yajl_lex.c","c","26443","763","2026-01-10","us-ascii","rapidjson"
"rapidjson/thirdparty/yajl/src/yajl_gen.c","c","10660","350","2026-01-10","us-ascii","rapidjson"
"rapidjson/thirdparty/yajl/src/yajl_tree.c","c","13643","501","2026-01-10","us-ascii","rapidjson"
"rapidjson/thirdparty/yajl/src/yajl_version.c","c","82","7","2026-01-10","us-ascii","rapidjson"
"rapidjson/thirdparty/yajl/src/api/yajl_tree.h","h","7088","177","2026-01-10","us-ascii","rapidjson"
"rapidjson/thirdparty/yajl/src/api/yajl_gen.h","h","6641","157","2026-01-10","us-ascii","rapidjson"
"rapidjson/thirdparty/yajl/src/api/yajl_common.h","h","2562","75","2026-01-10","us-ascii","rapidjson"
"rapidjson/thirdparty/yajl/src/api/yajl_parse.h","h","9827","226","2026-01-10","us-ascii","rapidjson"
"rapidjson/thirdparty/yajl/src/yajl_buf.c","c","2528","103","2026-01-10","us-ascii","rapidjson"
"rapidjson/thirdparty/yajl/src/yajl.c","c","4954","175","2026-01-10","us-ascii","rapidjson"
"rapidjson/thirdparty/yajl/src/yajl_parser.h","h","2502","78","2026-01-10","us-ascii","rapidjson"
"rapidjson/thirdparty/yajl/src/yajl_bytestack.h","h","2385","69","2026-01-10","us-ascii","rapidjson"
"rapidjson/thirdparty/yajl/src/yajl_lex.h","h","4225","117","2026-01-10","us-ascii","rapidjson"
"rapidjson/thirdparty/yajl/src/yajl_alloc.h","h","1255","34","2026-01-10","us-ascii","rapidjson"
"rapidjson/thirdparty/yajl/src/yajl_encode.c","c","7278","220","2026-01-10","us-ascii","rapidjson"
"libusb/Xcode/config.h","h","615","28","2026-01-10","us-ascii","libusb"
"libusb/msvc/inttypes.h","h","5693","295","2026-01-10","us-ascii","libusb"
"libusb/msvc/missing.c","c","2494","80","2026-01-10","utf-8","libusb"
"libusb/msvc/config.h","h","1293","42","2026-01-10","us-ascii","libusb"
"libusb/msvc/missing.h","h","1142","32","2026-01-10","utf-8","libusb"
"libusb/msvc/errno.h","h","3305","101","2026-01-10","us-ascii","libusb"
"libusb/msvc/stdint.h","h","7059","256","2026-01-10","us-ascii","libusb"
"libusb/tests/stress.c","c","4661","160","2026-01-10","utf-8","libusb"
"libusb/tests/libusb_testlib.h","h","3009","107","2026-01-10","utf-8","libusb"
"libusb/tests/testlib.c","c","7343","277","2026-01-10","utf-8","libusb"
"libusb/examples/sam3u_benchmark.c","c","5160","193","2026-01-10","us-ascii","libusb"
"libusb/examples/ezusb.h","h","4315","120","2026-01-10","utf-8","libusb"
"libusb/examples/getopt/getopt1.c","c","4520","188","2026-01-10","us-ascii","libusb"
"libusb/examples/getopt/getopt.h","h","6447","180","2026-01-10","us-ascii","libusb"
"libusb/examples/getopt/getopt.c","c","30281","1060","2026-01-10","us-ascii","libusb"
"libusb/examples/fxload.c","c","8646","287","2026-01-10","utf-8","libusb"
"libusb/examples/ezusb.c","c","23582","827","2026-01-10","utf-8","libusb"
"libusb/examples/dpfp_threaded.c","c","11704","544","2026-01-10","utf-8","libusb"
"libusb/examples/xusb.c","c","37096","1109","2026-01-10","utf-8","libusb"
"libusb/examples/dpfp.c","c","10844","506","2026-01-10","utf-8","libusb"
"libusb/examples/hotplugtest.c","c","3064","104","2026-01-10","utf-8","libusb"
"libusb/examples/listdevs.c","c","1822","71","2026-01-10","utf-8","libusb"
"libusb/android/config.h","h","2543","83","2026-01-10","utf-8","libusb"
"libusb/android/config_original.h","h","2516","81","2026-01-10","utf-8","libusb"
"libusb/libusb/version.h","h","431","18","2026-01-10","us-ascii","libusb"
"libusb/libusb/libusbi_original.h","h","36347","1016","2026-01-10","utf-8","libusb"
"libusb/libusb/config.h","h","2543","83","2026-01-10","utf-8","libusb"
"libusb/libusb/io.c","c","101304","2645","2026-01-10","utf-8","libusb"
"libusb/libusb/sync_original.c","c","11209","307","2026-01-10","utf-8","libusb"
"libusb/libusb/libusb_original.h","h","68444","1958","2026-01-10","utf-8","libusb"
"libusb/libusb/libusbi.h","h","37337","1031","2026-01-10","utf-8","libusb"
"libusb/libusb/hotplug.h","h","2592","82","2026-01-10","utf-8","libusb"
"libusb/libusb/version_nano.h","h","26","1","2026-01-10","us-ascii","libusb"
"libusb/libusb/core.c","c","88560","2682","2026-01-10","utf-8","libusb"
"libusb/libusb/libusb.h","h","72983","2061","2026-01-10","utf-8","libusb"
"libusb/libusb/sync.c","c","11267","306","2026-01-10","utf-8","libusb"
"libusb/libusb/io_original.c","c","99254","2581","2026-01-10","utf-8","libusb"
"libusb/libusb/core_original.c","c","77230","2263","2026-01-10","utf-8","libusb"
"libusb/libusb/strerror.c","c","7425","199","2026-01-10","utf-8","libusb"
"libusb/libusb/os/poll_posix_original.c","c","1422","51","2026-01-10","utf-8","libusb"
"libusb/libusb/os/poll_posix.c","c","1442","51","2026-01-10","utf-8","libusb"
"libusb/libusb/os/android_usbfs.h","h","6178","192","2026-01-10","utf-8","libusb"
"libusb/libusb/os/threads_posix.h","h","1894","50","2026-01-10","utf-8","libusb"
"libusb/libusb/os/darwin_usb.c","c","69272","1901","2026-01-10","utf-8","libusb"
"libusb/libusb/os/openbsd_usb.c","c","19808","826","2026-01-10","utf-8","libusb"
"libusb/libusb/os/linux_usbfs.h","h","5650","181","2026-01-10","utf-8","libusb"
"libusb/libusb/os/windows_usb.h","h","31140","923","2026-01-10","utf-8","libusb"
"libusb/libusb/os/threads_windows.c","c","7013","212","2026-01-10","utf-8","libusb"
"libusb/libusb/os/linux_udev.c","c","7864","306","2026-01-10","us-ascii","libusb"
"libusb/libusb/os/poll_windows.c","c","20257","726","2026-01-10","utf-8","libusb"
"libusb/libusb/os/netbsd_usb.c","c","17704","732","2026-01-10","utf-8","libusb"
"libusb/libusb/os/wince_usb.c","c","33786","1025","2026-01-10","utf-8","libusb"
"libusb/libusb/os/android_usbfs.c","c","91285","3082","2026-01-10","utf-8","libusb"
"libusb/libusb/os/poll_posix.h","h","218","11","2026-01-10","us-ascii","libusb"
"libusb/libusb/os/windows_common.h","h","5386","108","2026-01-10","utf-8","libusb"
"libusb/libusb/os/threads_posix.c","c","2296","80","2026-01-10","utf-8","libusb"
"libusb/libusb/os/darwin_usb.h","h","4527","162","2026-01-10","utf-8","libusb"
"libusb/libusb/os/android_netlink.c","c","9500","386","2026-01-10","utf-8","libusb"
"libusb/libusb/os/threads_windows.h","h","2845","87","2026-01-10","utf-8","libusb"
"libusb/libusb/os/windows_usb.c","c","155518","4424","2026-01-10","utf-8","libusb"
"libusb/libusb/os/linux_usbfs.c","c","73319","2621","2026-01-10","utf-8","libusb"
"libusb/libusb/os/wince_usb.h","h","5491","131","2026-01-10","utf-8","libusb"
"libusb/libusb/os/linux_netlink.c","c","8738","369","2026-01-10","us-ascii","libusb"
"libusb/libusb/os/poll_windows.h","h","4571","125","2026-01-10","utf-8","libusb"
"libusb/libusb/descriptor.c","c","49782","1511","2026-01-10","utf-8","libusb"
"libusb/libusb/hotplug.c","c","10279","327","2026-01-10","utf-8","libusb"
"libusb/libusb/hotplug_original.c","c","10271","327","2026-01-10","utf-8","libusb"
"libusb/libusb/descriptor_original.c","c","35744","1199","2026-01-10","utf-8","libusb"
"libjpeg-turbo-1.5.0/rdcolmap.c","c","7046","254","2026-01-10","us-ascii","libjpeg-turbo"
"libjpeg-turbo-1.5.0/rdppm.c","c","14654","471","2026-01-10","us-ascii","libjpeg-turbo"
"libjpeg-turbo-1.5.0/jpeglib.h","h","49875","1122","2026-01-10","us-ascii","libjpeg-turbo"
"libjpeg-turbo-1.5.0/jddctmgr.c","c","11426","352","2026-01-10","us-ascii","libjpeg-turbo"
"libjpeg-turbo-1.5.0/wrppm.h","h","721","26","2026-01-10","us-ascii","libjpeg-turbo"
"libjpeg-turbo-1.5.0/jdphuff.c","c","21886","674","2026-01-10","us-ascii","libjpeg-turbo"
"libjpeg-turbo-1.5.0/jerror.h","h","15088","317","2026-01-10","us-ascii","libjpeg-turbo"
"libjpeg-turbo-1.5.0/jidctfst.c","c","13697","371","2026-01-10","us-ascii","libjpeg-turbo"
"libjpeg-turbo-1.5.0/jpegcomp.h","h","1062","31","2026-01-10","us-ascii","libjpeg-turbo"
"libjpeg-turbo-1.5.0/md5/md5.h","h","1655","49","2026-01-10","us-ascii","libjpeg-turbo"
"libjpeg-turbo-1.5.0/md5/md5cmp.c","c","2235","60","2026-01-10","us-ascii","libjpeg-turbo"
"libjpeg-turbo-1.5.0/md5/md5.c","c","9720","331","2026-01-10","us-ascii","libjpeg-turbo"
"libjpeg-turbo-1.5.0/md5/md5hl.c","c","2423","114","2026-01-10","us-ascii","libjpeg-turbo"
"libjpeg-turbo-1.5.0/rdtarga.c","c","15367","503","2026-01-10","us-ascii","libjpeg-turbo"
"libjpeg-turbo-1.5.0/jdatasrc.c","c","10307","295","2026-01-10","us-ascii","libjpeg-turbo"
"libjpeg-turbo-1.5.0/jdatasrc-tj.c","c","6858","191","2026-01-10","us-ascii","libjpeg-turbo"
"libjpeg-turbo-1.5.0/wrrle.c","c","9381","307","2026-01-10","us-ascii","libjpeg-turbo"
"libjpeg-turbo-1.5.0/jdhuff.c","c","25976","822","2026-01-10","us-ascii","libjpeg-turbo"
"libjpeg-turbo-1.5.0/jdinput.c","c","14535","405","2026-01-10","us-ascii","libjpeg-turbo"
"libjpeg-turbo-1.5.0/jdtrans.c","c","5473","155","2026-01-10","us-ascii","libjpeg-turbo"
"libjpeg-turbo-1.5.0/jccolext.c","c","4627","148","2026-01-10","us-ascii","libjpeg-turbo"
"libjpeg-turbo-1.5.0/jcmaster.c","c","21991","640","2026-01-10","us-ascii","libjpeg-turbo"
"libjpeg-turbo-1.5.0/jdatadst-tj.c","c","6745","202","2026-01-10","us-ascii","libjpeg-turbo"
"libjpeg-turbo-1.5.0/jdmaster.h","h","788","28","2026-01-10","us-ascii","libjpeg-turbo"
"libjpeg-turbo-1.5.0/jdapistd.c","c","22855","614","2026-01-10","us-ascii","libjpeg-turbo"
"libjpeg-turbo-1.5.0/cdjpeg.c","c","4006","144","2026-01-10","us-ascii","libjpeg-turbo"
"libjpeg-turbo-1.5.0/turbojpeg.c","c","62033","2127","2026-01-10","us-ascii","libjpeg-turbo"
"libjpeg-turbo-1.5.0/tjbench.c","c","31350","990","2026-01-10","binary","libjpeg-turbo"
"libjpeg-turbo-1.5.0/jcapimin.c","c","9705","295","2026-01-10","us-ascii","libjpeg-turbo"
"libjpeg-turbo-1.5.0/jdmarker.c","c","42875","1377","2026-01-10","us-ascii","libjpeg-turbo"
"libjpeg-turbo-1.5.0/tjutil.c","c","2174","66","2026-01-10","us-ascii","libjpeg-turbo"
"libjpeg-turbo-1.5.0/include/config.h","h","0","0","2026-01-10","binary","libjpeg-turbo"
"libjpeg-turbo-1.5.0/include/jconfigint.h","h","360","12","2026-01-10","us-ascii","libjpeg-turbo"
"libjpeg-turbo-1.5.0/include/jconfig.h","h","2426","84","2026-01-10","us-ascii","libjpeg-turbo"
"libjpeg-turbo-1.5.0/bmp.h","h","1856","42","2026-01-10","us-ascii","libjpeg-turbo"
"libjpeg-turbo-1.5.0/jdmerge.c","c","21372","627","2026-01-10","us-ascii","libjpeg-turbo"
"libjpeg-turbo-1.5.0/jdcolor.c","c","29181","897","2026-01-10","us-ascii","libjpeg-turbo"
"libjpeg-turbo-1.5.0/transupp.c","c","62102","1621","2026-01-10","us-ascii","libjpeg-turbo"
"libjpeg-turbo-1.5.0/jfdctflt.c","c","5547","169","2026-01-10","us-ascii","libjpeg-turbo"
"libjpeg-turbo-1.5.0/jsimd_none.c","c","7557","404","2026-01-10","us-ascii","libjpeg-turbo"
"libjpeg-turbo-1.5.0/jcparam.c","c","18144","542","2026-01-10","us-ascii","libjpeg-turbo"
"libjpeg-turbo-1.5.0/jdsample.h","h","1725","50","2026-01-10","us-ascii","libjpeg-turbo"
"libjpeg-turbo-1.5.0/jdcoefct.h","h","2668","82","2026-01-10","us-ascii","libjpeg-turbo"
"libjpeg-turbo-1.5.0/jsimddct.h","h","3257","74","2026-01-10","us-ascii","libjpeg-turbo"
"libjpeg-turbo-1.5.0/simd/jidctred-mmx.asm","asm","27740","705","2026-01-10","us-ascii","libjpeg-turbo/simd"
"libjpeg-turbo-1.5.0/simd/jdcolext-altivec.c","c","10333","274","2026-01-10","us-ascii","libjpeg-turbo/simd"
"libjpeg-turbo-1.5.0/simd/jccolor-sse2-64.asm","asm","3728","121","2026-01-10","us-ascii","libjpeg-turbo/simd"
"libjpeg-turbo-1.5.0/simd/jdsample-sse2-64.asm","asm","23673","670","2026-01-10","us-ascii","libjpeg-turbo/simd"
"libjpeg-turbo-1.5.0/simd/jdcolor-altivec.c","c","3555","96","2026-01-10","us-ascii","libjpeg-turbo/simd"
"libjpeg-turbo-1.5.0/simd/jfdctflt-sse-64.asm","asm","14416","357","2026-01-10","us-ascii","libjpeg-turbo/simd"
"libjpeg-turbo-1.5.0/simd/jsimd_altivec.h","h","4244","99","2026-01-10","us-ascii","libjpeg-turbo/simd"
"libjpeg-turbo-1.5.0/simd/jchuff-sse2-64.asm","asm","15319","360","2026-01-10","us-ascii","libjpeg-turbo/simd"
"libjpeg-turbo-1.5.0/simd/jdmerge-altivec.c","c","4457","108","2026-01-10","us-ascii","libjpeg-turbo/simd"
"libjpeg-turbo-1.5.0/simd/jdcolor-sse2.asm","asm","3547","119","2026-01-10","us-ascii","libjpeg-turbo/simd"
"libjpeg-turbo-1.5.0/simd/jfdctfst-sse2-64.asm","asm","17257","391","2026-01-10","us-ascii","libjpeg-turbo/simd"
"libjpeg-turbo-1.5.0/simd/jccolor-altivec.c","c","3910","104","2026-01-10","us-ascii","libjpeg-turbo/simd"
"libjpeg-turbo-1.5.0/simd/jdmerge-mmx.asm","asm","4088","125","2026-01-10","us-ascii","libjpeg-turbo/simd"
"libjpeg-turbo-1.5.0/simd/jcgray-sse2.asm","asm","3329","114","2026-01-10","us-ascii","libjpeg-turbo/simd"
"libjpeg-turbo-1.5.0/simd/jidctfst-mmx.asm","asm","20092","499","2026-01-10","us-ascii","libjpeg-turbo/simd"
"libjpeg-turbo-1.5.0/simd/jccolor-sse2.asm","asm","3700","121","2026-01-10","us-ascii","libjpeg-turbo/simd"
"libjpeg-turbo-1.5.0/simd/jsimd_powerpc.c","c","16650","741","2026-01-10","us-ascii","libjpeg-turbo/simd"
"libjpeg-turbo-1.5.0/simd/jquanti-sse2.asm","asm","7314","199","2026-01-10","us-ascii","libjpeg-turbo/simd"
"libjpeg-turbo-1.5.0/simd/jidctint-mmx.asm","asm","34001","851","2026-01-10","us-ascii","libjpeg-turbo/simd"
"libjpeg-turbo-1.5.0/simd/jcgray-sse2-64.asm","asm","3357","114","2026-01-10","us-ascii","libjpeg-turbo/simd"
"libjpeg-turbo-1.5.0/simd/jccolext-altivec.c","c","11490","267","2026-01-10","us-ascii","libjpeg-turbo/simd"
"libjpeg-turbo-1.5.0/simd/jquant-3dn.asm","asm","8975","232","2026-01-10","us-ascii","libjpeg-turbo/simd"
"libjpeg-turbo-1.5.0/simd/jcgryext-sse2.asm","asm","14357","384","2026-01-10","us-ascii","libjpeg-turbo/simd"
"libjpeg-turbo-1.5.0/simd/jdcolext-mmx.asm","asm","15591","404","2026-01-10","us-ascii","libjpeg-turbo/simd"
"libjpeg-turbo-1.5.0/simd/jidctint-sse2.asm","asm","36274","858","2026-01-10","us-ascii","libjpeg-turbo/simd"
"libjpeg-turbo-1.5.0/simd/jsimd_mips_dspr2_asm.h","h","8578","285","2026-01-10","us-ascii","libjpeg-turbo/simd"
"libjpeg-turbo-1.5.0/simd/jfdctflt-sse.asm","asm","15023","369","2026-01-10","us-ascii","libjpeg-turbo/simd"
"libjpeg-turbo-1.5.0/simd/jdsample-sse2.asm","asm","26877","728","2026-01-10","us-ascii","libjpeg-turbo/simd"
"libjpeg-turbo-1.5.0/simd/jcgryext-sse2-64.asm","asm","13268","365","2026-01-10","us-ascii","libjpeg-turbo/simd"
"libjpeg-turbo-1.5.0/simd/jcgray-altivec.c","c","3654","99","2026-01-10","us-ascii","libjpeg-turbo/simd"
"libjpeg-turbo-1.5.0/simd/jdmerge-sse2-64.asm","asm","4150","125","2026-01-10","us-ascii","libjpeg-turbo/simd"
"libjpeg-turbo-1.5.0/simd/jcsample-sse2-64.asm","asm","9003","329","2026-01-10","us-ascii","libjpeg-turbo/simd"
"libjpeg-turbo-1.5.0/simd/jfdctint-sse2.asm","asm","27569","633","2026-01-10","us-ascii","libjpeg-turbo/simd"
"libjpeg-turbo-1.5.0/simd/jcsample-mmx.asm","asm","9618","323","2026-01-10","us-ascii","libjpeg-turbo/simd"
"libjpeg-turbo-1.5.0/simd/jchuff-sse2.asm","asm","18859","426","2026-01-10","us-ascii","libjpeg-turbo/simd"
"libjpeg-turbo-1.5.0/simd/jcsample-sse2.asm","asm","10489","350","2026-01-10","us-ascii","libjpeg-turbo/simd"
"libjpeg-turbo-1.5.0/simd/jccolor-mmx.asm","asm","3742","122","2026-01-10","us-ascii","libjpeg-turbo/simd"
"libjpeg-turbo-1.5.0/simd/jdsample-altivec.c","c","13792","392","2026-01-10","us-ascii","libjpeg-turbo/simd"
"libjpeg-turbo-1.5.0/simd/jdcolor-mmx.asm","asm","3525","119","2026-01-10","us-ascii","libjpeg-turbo/simd"
"libjpeg-turbo-1.5.0/simd/jdsample-mmx.asm","asm","25867","736","2026-01-10","us-ascii","libjpeg-turbo/simd"
"libjpeg-turbo-1.5.0/simd/jcsample-altivec.c","c","5491","158","2026-01-10","us-ascii","libjpeg-turbo/simd"
"libjpeg-turbo-1.5.0/simd/jquant-sse.asm","asm","7687","210","2026-01-10","us-ascii","libjpeg-turbo/simd"
"libjpeg-turbo-1.5.0/simd/jfdctflt-3dn.asm","asm","12175","319","2026-01-10","us-ascii","libjpeg-turbo/simd"
"libjpeg-turbo-1.5.0/simd/jfdctint-altivec.c","c","8651","262","2026-01-10","us-ascii","libjpeg-turbo/simd"
"libjpeg-turbo-1.5.0/simd/jsimd_arm.c","c","15187","727","2026-01-10","us-ascii","libjpeg-turbo/simd"
"libjpeg-turbo-1.5.0/simd/jquanti-altivec.c","c","8086","252","2026-01-10","us-ascii","libjpeg-turbo/simd"
"libjpeg-turbo-1.5.0/simd/jidctint-altivec.c","c","12149","359","2026-01-10","us-ascii","libjpeg-turbo/simd"
"libjpeg-turbo-1.5.0/simd/jsimd_mips.c","c","27546","1130","2026-01-10","us-ascii","libjpeg-turbo/simd"
"libjpeg-turbo-1.5.0/simd/jsimdcpu.asm","asm","2937","104","2026-01-10","us-ascii","libjpeg-turbo/simd"
"libjpeg-turbo-1.5.0/simd/jsimd_arm64.c","c","17799","802","2026-01-10","us-ascii","libjpeg-turbo/simd"
"libjpeg-turbo-1.5.0/simd/jfdctint-sse2-64.asm","asm","26603","621","2026-01-10","us-ascii","libjpeg-turbo/simd"
"libjpeg-turbo-1.5.0/simd/jccolext-mmx.asm","asm","17236","476","2026-01-10","us-ascii","libjpeg-turbo/simd"
"libjpeg-turbo-1.5.0/simd/jidctflt-sse2-64.asm","asm","20949","482","2026-01-10","us-ascii","libjpeg-turbo/simd"
"libjpeg-turbo-1.5.0/simd/jsimd_arm64_neon.S","S","143313","3453","2026-01-10","us-ascii","libjpeg-turbo/simd"
"libjpeg-turbo-1.5.0/simd/jidctflt-sse2.asm","asm","21744","497","2026-01-10","us-ascii","libjpeg-turbo/simd"
"libjpeg-turbo-1.5.0/simd/jccolext-sse2-64.asm","asm","18264","486","2026-01-10","us-ascii","libjpeg-turbo/simd"
"libjpeg-turbo-1.5.0/simd/jsimd_mips_dspr2.S","S","140841","4487","2026-01-10","us-ascii","libjpeg-turbo/simd"
"libjpeg-turbo-1.5.0/simd/jsimdcfg.inc.h","h","4608","130","2026-01-10","us-ascii","libjpeg-turbo/simd"
"libjpeg-turbo-1.5.0/simd/jidctred-sse2-64.asm","asm","22512","575","2026-01-10","us-ascii","libjpeg-turbo/simd"
"libjpeg-turbo-1.5.0/simd/jsimd.h","h","41624","871","2026-01-10","us-ascii","libjpeg-turbo/simd"
"libjpeg-turbo-1.5.0/simd/jdmrgext-sse2.asm","asm","21370","518","2026-01-10","us-ascii","libjpeg-turbo/simd"
"libjpeg-turbo-1.5.0/simd/jidctfst-sse2-64.asm","asm","20932","491","2026-01-10","us-ascii","libjpeg-turbo/simd"
"libjpeg-turbo-1.5.0/simd/jfdctint-mmx.asm","asm","25130","621","2026-01-10","us-ascii","libjpeg-turbo/simd"
"libjpeg-turbo-1.5.0/simd/jdmerge-sse2.asm","asm","4122","125","2026-01-10","us-ascii","libjpeg-turbo/simd"
"libjpeg-turbo-1.5.0/simd/jsimd_i386.c","c","29178","1091","2026-01-10","us-ascii","libjpeg-turbo/simd"
"libjpeg-turbo-1.5.0/simd/jquanti-sse2-64.asm","asm","6424","186","2026-01-10","us-ascii","libjpeg-turbo/simd"
"libjpeg-turbo-1.5.0/simd/jquant-mmx.asm","asm","9308","273","2026-01-10","us-ascii","libjpeg-turbo/simd"
"libjpeg-turbo-1.5.0/simd/jfdctfst-mmx.asm","asm","15753","396","2026-01-10","us-ascii","libjpeg-turbo/simd"
"libjpeg-turbo-1.5.0/simd/jcgryext-altivec.c","c","8733","227","2026-01-10","us-ascii","libjpeg-turbo/simd"
"libjpeg-turbo-1.5.0/simd/jidctred-sse2.asm","asm","23771","593","2026-01-10","us-ascii","libjpeg-turbo/simd"
"libjpeg-turbo-1.5.0/simd/jcgryext-mmx.asm","asm","12307","356","2026-01-10","us-ascii","libjpeg-turbo/simd"
"libjpeg-turbo-1.5.0/simd/jcgray-mmx.asm","asm","3371","115","2026-01-10","us-ascii","libjpeg-turbo/simd"
"libjpeg-turbo-1.5.0/simd/jdcolext-sse2-64.asm","asm","17728","440","2026-01-10","us-ascii","libjpeg-turbo/simd"
"libjpeg-turbo-1.5.0/simd/jsimd_x86_64.c","c","20276","887","2026-01-10","us-ascii","libjpeg-turbo/simd"
"libjpeg-turbo-1.5.0/simd/jdmrgext-altivec.c","c","12128","323","2026-01-10","us-ascii","libjpeg-turbo/simd"
"libjpeg-turbo-1.5.0/simd/jdcolext-sse2.asm","asm","18832","459","2026-01-10","us-ascii","libjpeg-turbo/simd"
"libjpeg-turbo-1.5.0/simd/jidctfst-altivec.c","c","8150","257","2026-01-10","us-ascii","libjpeg-turbo/simd"
"libjpeg-turbo-1.5.0/simd/jdmrgext-sse2-64.asm","asm","20320","537","2026-01-10","us-ascii","libjpeg-turbo/simd"
"libjpeg-turbo-1.5.0/simd/jfdctfst-altivec.c","c","4555","156","2026-01-10","us-ascii","libjpeg-turbo/simd"
"libjpeg-turbo-1.5.0/simd/jccolext-sse2.asm","asm","19395","503","2026-01-10","us-ascii","libjpeg-turbo/simd"
"libjpeg-turbo-1.5.0/simd/jidctflt-sse.asm","asm","25334","571","2026-01-10","us-ascii","libjpeg-turbo/simd"
"libjpeg-turbo-1.5.0/simd/jdcolor-sse2-64.asm","asm","3575","119","2026-01-10","us-ascii","libjpeg-turbo/simd"
"libjpeg-turbo-1.5.0/simd/jidctfst-sse2.asm","asm","21552","501","2026-01-10","us-ascii","libjpeg-turbo/simd"
"libjpeg-turbo-1.5.0/simd/jsimd_arm_neon.S","S","101995","2878","2026-01-10","us-ascii","libjpeg-turbo/simd"
"libjpeg-turbo-1.5.0/simd/jidctint-sse2-64.asm","asm","35434","847","2026-01-10","us-ascii","libjpeg-turbo/simd"
"libjpeg-turbo-1.5.0/simd/jdmrgext-mmx.asm","asm","18113","463","2026-01-10","us-ascii","libjpeg-turbo/simd"
"libjpeg-turbo-1.5.0/simd/jquantf-sse2-64.asm","asm","5309","157","2026-01-10","us-ascii","libjpeg-turbo/simd"
"libjpeg-turbo-1.5.0/simd/jfdctfst-sse2.asm","asm","17839","403","2026-01-10","us-ascii","libjpeg-turbo/simd"
"libjpeg-turbo-1.5.0/simd/jidctflt-3dn.asm","asm","17628","451","2026-01-10","us-ascii","libjpeg-turbo/simd"
"libjpeg-turbo-1.5.0/simd/jquantf-sse2.asm","asm","6198","170","2026-01-10","us-ascii","libjpeg-turbo/simd"
"libjpeg-turbo-1.5.0/simd/jcsample.h","h","747","28","2026-01-10","us-ascii","libjpeg-turbo/simd"
"libjpeg-turbo-1.5.0/jccoefct.c","c","17243","449","2026-01-10","us-ascii","libjpeg-turbo"
"libjpeg-turbo-1.5.0/jfdctint.c","c","11465","286","2026-01-10","us-ascii","libjpeg-turbo"
"libjpeg-turbo-1.5.0/jcsample.c","c","20271","539","2026-01-10","us-ascii","libjpeg-turbo"
"libjpeg-turbo-1.5.0/wrgif.c","c","13283","402","2026-01-10","us-ascii","libjpeg-turbo"
"libjpeg-turbo-1.5.0/java/org_libjpegturbo_turbojpeg_TJCompressor.h","h","3521","101","2026-01-10","us-ascii","libjpeg-turbo"
"libjpeg-turbo-1.5.0/java/org_libjpegturbo_turbojpeg_TJ.h","h","4731","129","2026-01-10","us-ascii","libjpeg-turbo"
"libjpeg-turbo-1.5.0/java/org_libjpegturbo_turbojpeg_TJDecompressor.h","h","3479","101","2026-01-10","us-ascii","libjpeg-turbo"
"libjpeg-turbo-1.5.0/java/org_libjpegturbo_turbojpeg_TJTransformer.h","h","838","29","2026-01-10","us-ascii","libjpeg-turbo"
"libjpeg-turbo-1.5.0/jcmainct.c","c","5155","162","2026-01-10","us-ascii","libjpeg-turbo"
"libjpeg-turbo-1.5.0/jdmainct.h","h","2434","71","2026-01-10","us-ascii","libjpeg-turbo"
"libjpeg-turbo-1.5.0/jchuff.c","c","34392","1091","2026-01-10","us-ascii","libjpeg-turbo"
"libjpeg-turbo-1.5.0/jmemnobs.c","c","2735","109","2026-01-10","us-ascii","libjpeg-turbo"
"libjpeg-turbo-1.5.0/jcarith.c","c","29565","928","2026-01-10","us-ascii","libjpeg-turbo"
"libjpeg-turbo-1.5.0/wrjpgcom.c","c","17922","592","2026-01-10","us-ascii","libjpeg-turbo"
"libjpeg-turbo-1.5.0/wrbmp.c","c","15666","493","2026-01-10","us-ascii","libjpeg-turbo"
"libjpeg-turbo-1.5.0/jcstest.c","c","3861","126","2026-01-10","us-ascii","libjpeg-turbo"
"libjpeg-turbo-1.5.0/jcprepct.c","c","13176","357","2026-01-10","us-ascii","libjpeg-turbo"
"libjpeg-turbo-1.5.0/jdhuff.h","h","9429","234","2026-01-10","us-ascii","libjpeg-turbo"
"libjpeg-turbo-1.5.0/jmemsys.h","h","7802","178","2026-01-10","us-ascii","libjpeg-turbo"
"libjpeg-turbo-1.5.0/rdrle.c","c","11751","389","2026-01-10","us-ascii","libjpeg-turbo"
"libjpeg-turbo-1.5.0/jdmrg565.c","c","11476","356","2026-01-10","us-ascii","libjpeg-turbo"
"libjpeg-turbo-1.5.0/example.c","c","17210","433","2026-01-10","us-ascii","libjpeg-turbo"
"libjpeg-turbo-1.5.0/jccolor.c","c","23958","719","2026-01-10","us-ascii","libjpeg-turbo"
"libjpeg-turbo-1.5.0/jerror.c","c","7924","251","2026-01-10","us-ascii","libjpeg-turbo"
"libjpeg-turbo-1.5.0/jquant1.c","c","32470","857","2026-01-10","us-ascii","libjpeg-turbo"
"libjpeg-turbo-1.5.0/jcdctmgr.c","c","22492","721","2026-01-10","us-ascii","libjpeg-turbo"
"libjpeg-turbo-1.5.0/wrppm.c","c","7781","252","2026-01-10","us-ascii","libjpeg-turbo"
"libjpeg-turbo-1.5.0/jsimd.h","h","3725","93","2026-01-10","us-ascii","libjpeg-turbo"
"libjpeg-turbo-1.5.0/rdswitch.c","c","13011","424","2026-01-10","us-ascii","libjpeg-turbo"
"libjpeg-turbo-1.5.0/jutils.c","c","3798","133","2026-01-10","us-ascii","libjpeg-turbo"
"libjpeg-turbo-1.5.0/turbojpeg.h","h","64764","1542","2026-01-10","us-ascii","libjpeg-turbo"
"libjpeg-turbo-1.5.0/jpegtran.c","c","18778","551","2026-01-10","us-ascii","libjpeg-turbo"
"libjpeg-turbo-1.5.0/jstdhuff.c","c","5373","135","2026-01-10","us-ascii","libjpeg-turbo"
"libjpeg-turbo-1.5.0/jcapistd.c","c","5916","162","2026-01-10","us-ascii","libjpeg-turbo"
"libjpeg-turbo-1.5.0/jmorecfg.h","h","15049","421","2026-01-10","us-ascii","libjpeg-turbo"
"libjpeg-turbo-1.5.0/tjunittest.c","c","19046","735","2026-01-10","us-ascii","libjpeg-turbo"
"libjpeg-turbo-1.5.0/jfdctfst.c","c","7740","227","2026-01-10","us-ascii","libjpeg-turbo"
"libjpeg-turbo-1.5.0/cdjpeg.h","h","5149","145","2026-01-10","us-ascii","libjpeg-turbo"
"libjpeg-turbo-1.5.0/turbojpeg-jni.c","c","42602","1166","2026-01-10","us-ascii","libjpeg-turbo"
"libjpeg-turbo-1.5.0/jaricom.c","c","5146","156","2026-01-10","us-ascii","libjpeg-turbo"
"libjpeg-turbo-1.5.0/jdcolext.c","c","4510","143","2026-01-10","us-ascii","libjpeg-turbo"
"libjpeg-turbo-1.5.0/jdarith.c","c","24935","766","2026-01-10","us-ascii","libjpeg-turbo"
"libjpeg-turbo-1.5.0/jdmaster.c","c","27459","724","2026-01-10","us-ascii","libjpeg-turbo"
"libjpeg-turbo-1.5.0/jdct.h","h","8991","208","2026-01-10","us-ascii","libjpeg-turbo"
"libjpeg-turbo-1.5.0/jversion.h","h","1806","49","2026-01-10","us-ascii","libjpeg-turbo"
"libjpeg-turbo-1.5.0/cjpeg.c","c","21837","644","2026-01-10","us-ascii","libjpeg-turbo"
"libjpeg-turbo-1.5.0/cderror.h","h","5435","136","2026-01-10","us-ascii","libjpeg-turbo"
"libjpeg-turbo-1.5.0/jinclude.h","h","2950","84","2026-01-10","us-ascii","libjpeg-turbo"
"libjpeg-turbo-1.5.0/jcomapi.c","c","3242","109","2026-01-10","us-ascii","libjpeg-turbo"
"libjpeg-turbo-1.5.0/bmp.c","c","9880","334","2026-01-10","us-ascii","libjpeg-turbo"
"libjpeg-turbo-1.5.0/jcphuff.c","c","25902","834","2026-01-10","us-ascii","libjpeg-turbo"
"libjpeg-turbo-1.5.0/transupp.h","h","9611","207","2026-01-10","us-ascii","libjpeg-turbo"
"libjpeg-turbo-1.5.0/djpeg.c","c","26408","781","2026-01-10","us-ascii","libjpeg-turbo"
"libjpeg-turbo-1.5.0/wrtarga.c","c","7423","247","2026-01-10","us-ascii","libjpeg-turbo"
"libjpeg-turbo-1.5.0/jpeg_nbits_table.h","h","270393","4098","2026-01-10","us-ascii","libjpeg-turbo"
"libjpeg-turbo-1.5.0/jdatadst.c","c","9760","293","2026-01-10","us-ascii","libjpeg-turbo"
"libjpeg-turbo-1.5.0/jmemmgr.c","c","44504","1171","2026-01-10","us-ascii","libjpeg-turbo"
"libjpeg-turbo-1.5.0/jcmarker.c","c","17571","665","2026-01-10","us-ascii","libjpeg-turbo"
"libjpeg-turbo-1.5.0/jquant2.c","c","48836","1282","2026-01-10","us-ascii","libjpeg-turbo"
"libjpeg-turbo-1.5.0/tjutil.h","h","1948","47","2026-01-10","us-ascii","libjpeg-turbo"
"libjpeg-turbo-1.5.0/jidctint.c","c","105151","2627","2026-01-10","us-ascii","libjpeg-turbo"
"libjpeg-turbo-1.5.0/jdmrgext.c","c","6037","186","2026-01-10","us-ascii","libjpeg-turbo"
"libjpeg-turbo-1.5.0/jdapimin.c","c","13227","407","2026-01-10","us-ascii","libjpeg-turbo"
"libjpeg-turbo-1.5.0/jctrans.c","c","14936","402","2026-01-10","us-ascii","libjpeg-turbo"
"libjpeg-turbo-1.5.0/jidctflt.c","c","8672","240","2026-01-10","us-ascii","libjpeg-turbo"
"libjpeg-turbo-1.5.0/rdbmp.c","c","15417","483","2026-01-10","us-ascii","libjpeg-turbo"
"libjpeg-turbo-1.5.0/jcinit.c","c","2447","77","2026-01-10","us-ascii","libjpeg-turbo"
"libjpeg-turbo-1.5.0/jchuff.h","h","1467","43","2026-01-10","us-ascii","libjpeg-turbo"
"libjpeg-turbo-1.5.0/jdmainct.c","c","19310","456","2026-01-10","us-ascii","libjpeg-turbo"
"libjpeg-turbo-1.5.0/jdcoefct.c","c","25277","693","2026-01-10","us-ascii","libjpeg-turbo"
"libjpeg-turbo-1.5.0/jdsample.c","c","16574","470","2026-01-10","us-ascii","libjpeg-turbo"
"libjpeg-turbo-1.5.0/rdjpgcom.c","c","15063","510","2026-01-10","us-ascii","libjpeg-turbo"
"libjpeg-turbo-1.5.0/rdgif.c","c","1305","39","2026-01-10","us-ascii","libjpeg-turbo"
"libjpeg-turbo-1.5.0/jdcol565.c","c","12261","384","2026-01-10","us-ascii","libjpeg-turbo"
"libjpeg-turbo-1.5.0/jidctred.c","c","14273","403","2026-01-10","us-ascii","libjpeg-turbo"
"libjpeg-turbo-1.5.0/jpegint.h","h","15592","368","2026-01-10","us-ascii","libjpeg-turbo"
"libjpeg-turbo-1.5.0/jdpostct.c","c","10339","290","2026-01-10","us-ascii","libjpeg-turbo"
